<?xml version="1.0" encoding="UTF-8"?>
<beans xmlns="http://www.springframework.org/schema/beans"
	xmlns:xsi="http://www.w3.org/2001/XMLSchema-instance"
	xmlns:int="http://www.springframework.org/schema/integration"
	xmlns:int-http="http://www.springframework.org/schema/integration/http"
	xsi:schemaLocation="http://www.springframework.org/schema/beans http://www.springframework.org/schema/beans/spring-beans.xsd
		http://www.springframework.org/schema/integration/http http://www.springframework.org/schema/integration/http/spring-integration-http-5.0.xsd
		http://www.springframework.org/schema/integration http://www.springframework.org/schema/integration/spring-integration-5.0.xsd">

    <int-http:inbound-gateway id="inboundSearchBookGateway"
                              request-channel="gtwSearchBookRequestChannel"
                              path="/library-gtw/books"
                              supported-methods="GET"
                              reply-channel="gtwSearchBookReplyChannel">
        <int-http:request-mapping produces="application/json"/>
        <int-http:header name="isbn" expression="#requestParams['isbn']"/>
        <int-http:header name="author" expression="#requestParams['author']"/>
        <int-http:header name="title" expression="#requestParams['title']"/>
    </int-http:inbound-gateway>

    <int:transformer input-channel="gtwSearchBookRequestChannel"
                     output-channel="targetSearchBookRequestChannel"
                     ref="payloadToQueryString" method="transform" />

    <int-http:outbound-gateway id="outboundSearchBookGateway"
                               request-channel="targetSearchBookRequestChannel"
                               url-expression="'${library.gtw.search.uri}' + '/library/books' + payload"
                               http-method="GET"
                               charset="UTF-8"
                               expected-response-type="java.lang.String"
                               reply-channel="gtwSearchBookReplyChannel"/>

    <int:channel id="gtwSearchBookRequestChannel">
    </int:channel>
    <int:channel id="gtwSearchBookReplyChannel"/>
    <int:channel id="targetSearchBookRequestChannel">
        <int:interceptors>
            <int:ref bean="myRequestInterceptor"/>
        </int:interceptors>
    </int:channel>

</beans>