{
	"info": {
		"_postman_id": "f4d5bd79-1c4c-a6ce-2e84-b34ff1ed73f3",
		"name": "Library Master",
		"description": "Collection of the REST API requests for the Library Master example app.",
		"schema": "https://schema.getpostman.com/json/collection/v2.0.0/collection.json"
	},
	"item": [
		{
			"name": "GTW: Search Books ISBN",
			"request": {
				"auth": {
					"type": "noauth"
				},
				"method": "GET",
				"header": [
					{
						"key": "Accept",
						"value": "application/json"
					}
				],
				"body": {},
				"url": {
					"raw": "http://localhost:8080/library/books?isbn=9780345538376",
					"protocol": "http",
					"host": [
						"localhost"
					],
					"port": "8080",
					"path": [
						"library",
						"books"
					],
					"query": [
						{
							"key": "isbn",
							"value": "9780345538376"
						}
					]
				}
			},
			"response": []
		},
		{
			"name": "GTW: Search All Books",
			"request": {
				"auth": {
					"type": "noauth"
				},
				"method": "GET",
				"header": [
					{
						"key": "Accept",
						"value": "application/json"
					}
				],
				"body": {},
				"url": "http://localhost:8080/library/books"
			},
			"response": []
		},
		{
			"name": "GTW: Search Books Author AND Title",
			"request": {
				"auth": {
					"type": "noauth"
				},
				"method": "GET",
				"header": [
					{
						"key": "Accept",
						"value": "application/json"
					}
				],
				"body": {},
				"url": {
					"raw": "http://localhost:8080/library/books?author=J.R.R. Tolkien&title=The Hobbit",
					"protocol": "http",
					"host": [
						"localhost"
					],
					"port": "8080",
					"path": [
						"library",
						"books"
					],
					"query": [
						{
							"key": "author",
							"value": "J.R.R. Tolkien"
						},
						{
							"key": "title",
							"value": "The Hobbit"
						}
					]
				}
			},
			"response": []
		},
		{
			"name": "GTW: Search Books Author",
			"request": {
				"auth": {
					"type": "noauth"
				},
				"method": "GET",
				"header": [
					{
						"key": "Accept",
						"value": "application/json"
					}
				],
				"body": {},
				"url": {
					"raw": "http://localhost:8080/library/books?author=J.R.R. Tolkien",
					"protocol": "http",
					"host": [
						"localhost"
					],
					"port": "8080",
					"path": [
						"library",
						"books"
					],
					"query": [
						{
							"key": "author",
							"value": "J.R.R. Tolkien"
						}
					]
				}
			},
			"response": []
		},
		{
			"name": "GTW: Book by ID",
			"request": {
				"auth": {
					"type": "noauth"
				},
				"method": "GET",
				"header": [
					{
						"key": "Accept",
						"value": "application/json"
					}
				],
				"body": {},
				"url": "http://localhost:8080/library/books/1"
			},
			"response": []
		},
		{
			"name": "GTW: Create Book",
			"request": {
				"auth": {
					"type": "bearer",
					"bearer": {
						"token": "eyJhbGciOiJIUzUxMiJ9.eyJzdWIiOiJqb2huIiwiZXhwIjoxNTIzNDM1NjE0fQ.FoprqWi40a4Y0vCQII_vtj_wkMr0CV-FY_86nOtkcXKwWADl_51RnIK3jWit3vSuAvGDngFIT3kNCAAUmpMHRg"
					}
				},
				"method": "POST",
				"header": [
					{
						"key": "Accept",
						"value": "application/json"
					},
					{
						"key": "Content-Type",
						"value": "application/json"
					}
				],
				"body": {
					"mode": "raw",
					"raw": "{\n        \"isbn\": \"9780575081505\",\n        \"author\": \"Frank Herbert\",\n        \"title\": \"Dune\",\n        \"publisher\": \"Orion Publishing Co\",\n        \"cid\": \"LM-000006\",\n        \"genre\": \"Scifi\",\n        \"availability\": \"Available\"\n    }"
				},
				"url": "http://localhost:8080/library/books"
			},
			"response": []
		},
		{
			"name": "GTW: Delete Book",
			"request": {
				"auth": {
					"type": "noauth"
				},
				"method": "DELETE",
				"header": [
					{
						"key": "Accept",
						"value": "application/json"
					}
				],
				"body": {},
				"url": "http://localhost:8080/library/books/9"
			},
			"response": []
		},
		{
			"name": "SEARCH: Search Books Author",
			"request": {
				"auth": {
					"type": "noauth"
				},
				"method": "GET",
				"header": [
					{
						"key": "Accept",
						"value": "application/json"
					}
				],
				"body": {},
				"url": {
					"raw": "http://localhost:8280/library/books?author=J.R.R. Tolkien",
					"protocol": "http",
					"host": [
						"localhost"
					],
					"port": "8280",
					"path": [
						"library",
						"books"
					],
					"query": [
						{
							"key": "author",
							"value": "J.R.R. Tolkien"
						}
					]
				}
			},
			"response": []
		},
		{
			"name": "SEARCH: Search All Books",
			"request": {
				"auth": {
					"type": "noauth"
				},
				"method": "GET",
				"header": [
					{
						"key": "Accept",
						"value": "application/json"
					}
				],
				"body": {},
				"url": "http://localhost:8280/library/books"
			},
			"response": []
		},
		{
			"name": "SEARCH: Search Books ISBN",
			"request": {
				"auth": {
					"type": "noauth"
				},
				"method": "GET",
				"header": [
					{
						"key": "Accept",
						"value": "application/json"
					}
				],
				"body": {},
				"url": {
					"raw": "http://localhost:8280/library/books?isbn=9780345538376",
					"protocol": "http",
					"host": [
						"localhost"
					],
					"port": "8280",
					"path": [
						"library",
						"books"
					],
					"query": [
						{
							"key": "isbn",
							"value": "9780345538376"
						}
					]
				}
			},
			"response": []
		},
		{
			"name": "SEARCH: Search Books Author AND Title",
			"request": {
				"auth": {
					"type": "noauth"
				},
				"method": "GET",
				"header": [
					{
						"key": "Accept",
						"value": "application/json"
					}
				],
				"body": {},
				"url": {
					"raw": "http://localhost:8280/library/books?author=J.R.R. Tolkien&title=The Hobbit",
					"protocol": "http",
					"host": [
						"localhost"
					],
					"port": "8280",
					"path": [
						"library",
						"books"
					],
					"query": [
						{
							"key": "author",
							"value": "J.R.R. Tolkien"
						},
						{
							"key": "title",
							"value": "The Hobbit"
						}
					]
				}
			},
			"response": []
		},
		{
			"name": "All Books",
			"request": {
				"auth": {
					"type": "noauth"
				},
				"method": "GET",
				"header": [
					{
						"key": "Accept",
						"value": "application/json"
					}
				],
				"body": {},
				"url": "http://localhost:8080/books"
			},
			"response": []
		},
		{
			"name": "ADMIN: All Books",
			"request": {
				"auth": {
					"type": "noauth"
				},
				"method": "GET",
				"header": [
					{
						"key": "Accept",
						"value": "application/json"
					}
				],
				"body": {},
				"url": "http://localhost:8180/library/books"
			},
			"response": []
		},
		{
			"name": "ADMIN: Create Book",
			"request": {
				"auth": {
					"type": "bearer",
					"bearer": {
						"token": "eyJhbGciOiJIUzUxMiJ9.eyJzdWIiOiJqb2huIiwiZXhwIjoxNTIzNDM1NjE0fQ.FoprqWi40a4Y0vCQII_vtj_wkMr0CV-FY_86nOtkcXKwWADl_51RnIK3jWit3vSuAvGDngFIT3kNCAAUmpMHRg"
					}
				},
				"method": "POST",
				"header": [
					{
						"key": "Accept",
						"value": "application/json"
					},
					{
						"key": "Content-Type",
						"value": "application/json"
					}
				],
				"body": {
					"mode": "raw",
					"raw": "{\n        \"isbn\": \"9780575081505\",\n        \"author\": \"Frank Herbert\",\n        \"title\": \"Dune\",\n        \"publisher\": \"Orion Publishing Co\",\n        \"cid\": \"LM-000006\",\n        \"genre\": \"Scifi\",\n        \"availability\": \"Available\"\n    }"
				},
				"url": "http://localhost:8180/library/books"
			},
			"response": []
		},
		{
			"name": "ADMIN: Book by ID",
			"request": {
				"auth": {
					"type": "noauth"
				},
				"method": "GET",
				"header": [
					{
						"key": "Accept",
						"value": "application/json"
					}
				],
				"body": {},
				"url": "http://localhost:8180/library/books"
			},
			"response": []
		},
		{
			"name": "ADMIN: Delete Book",
			"request": {
				"auth": {
					"type": "noauth"
				},
				"method": "DELETE",
				"header": [
					{
						"key": "Accept",
						"value": "application/json"
					}
				],
				"body": {},
				"url": "http://localhost:8180/library/books/5"
			},
			"response": []
		},
		{
			"name": "Book by ID",
			"request": {
				"auth": {
					"type": "noauth"
				},
				"method": "GET",
				"header": [
					{
						"key": "Accept",
						"value": "application/json"
					}
				],
				"body": {},
				"url": "http://localhost:8080/books/1"
			},
			"response": []
		},
		{
			"name": "All Books Authorization",
			"request": {
				"auth": {
					"type": "basic",
					"basic": {
						"password": "password",
						"username": "user"
					}
				},
				"method": "GET",
				"header": [
					{
						"key": "Accept",
						"value": "application/json"
					}
				],
				"body": {},
				"url": "http://localhost:8080/library/books"
			},
			"response": []
		},
		{
			"name": "Logout",
			"request": {
				"method": "GET",
				"header": [],
				"body": {},
				"url": "http://localhost:8080/logout"
			},
			"response": []
		},
		{
			"name": "JWT Login",
			"request": {
				"method": "POST",
				"header": [
					{
						"key": "Content-Type",
						"value": "application/json"
					}
				],
				"body": {
					"mode": "raw",
					"raw": "{\r\n    \"username\": \"john\",\r\n    \"password\": \"snow\"\r\n}"
				},
				"url": "http://localhost:8080/login"
			},
			"response": []
		},
		{
			"name": "All Books with JWT",
			"request": {
				"auth": {
					"type": "bearer",
					"bearer": {
						"token": "eyJhbGciOiJIUzUxMiJ9.eyJzdWIiOiJqb2huIiwiZXhwIjoxNTIzMzc0NTE4fQ.OosjP7LymG29mMGSTUAOjVyyrMZQFArxTwpJpluVnZCqMUcLCfzapVWHsGaAdn_pkJrMVy3p6Sprr0odpOaD3w"
					}
				},
				"method": "GET",
				"header": [
					{
						"key": "Accept",
						"value": "application/json"
					}
				],
				"body": {},
				"url": "http://localhost:8080/library/books"
			},
			"response": []
		}
	]
}