{
	"id": "e98e8da9-6033-4ee4-881d-72ff5f25717c",
	"name": "USERVICES",
	"values": [
		{
			"key": "configservice_api_uri",
			"value": "http://localhost:8888",
			"description": "",
			"enabled": true
		},
		{
			"key": "castleservice_api_uri",
			"value": "http://localhost:8091",
			"description": "",
			"enabled": true
		},
		{
			"key": "castlegtw_api_uri",
			"value": "http://localhost:9091",
			"description": "",
			"enabled": true
		},
		{
			"key": "reservationgtw_api_uri",
			"value": "http://localhost:9092",
			"description": "",
			"enabled": true
		},
		{
			"key": "reservationservice_api_uri",
			"value": "http://localhost:8092",
			"type": "text",
			"description": "",
			"enabled": true
		}
	],
	"_postman_variable_scope": "environment",
	"_postman_exported_at": "2018-12-02T13:27:32.143Z",
	"_postman_exported_using": "Postman/6.5.3"
}